Country Name,Indicator Name,1988,1989,1990,1991,1992,1993,1994,1995,1996,1997,1998,1999,2000,2001,2002,2003,2004,2005,2006,2007,2008,2009,2010,2011,2012,2013,2014,2015,2016,2017,2018,2019,2020,2021,2022
Afghanistan,GDP (current US$),,,,,,,,,,,,,,,3854235264,4539496563,5220825049,6226198935,6971383339,9715765105,10249770319,12154835708,15633843662,18190413832,20203572960,20564485419,20550582747,19998143636,18019554403,18896353156,18418860354,18904502222,20143451706,14583135237,
Albania,GDP (current US$),2051236250,2253090000,2028553750,1099559028,652174990.8,1185315468,1880950858,2392764853,3199640826,2258513974,2545964541,3212121651,3480355258,3922100794,4348068242,5611496257,7184685782,8052077209,8896074996,10677324873,12881352878,12044205572,11926926654,12890760273,12319834233,12776224537,13228147516,11386853143,11861199831,13019726212,15156424062,15401826081,15162734205,17930565119,18882095518
Algeria,GDP (current US$),59089400190,55634719135,62048505222,45715676428,48003133347,49945585166,42543177031,41764291964,46941553940,48177612042,48187781711,48640671735,54790398813,54744698044,56760355865,67863850334,85332581189,1.03198E+11,1.17027E+11,1.34977E+11,1.71001E+11,1.37211E+11,1.61207E+11,2.00013E+11,2.09059E+11,2.09755E+11,2.1381E+11,1.65979E+11,1.60034E+11,1.70097E+11,1.74911E+11,1.7176E+11,1.45744E+11,1.63472E+11,1.91913E+11
Andorra,GDP (current US$),721425971.8,795489464,1028989394,1106891025,1209992650,1007090915,1017544675,1178745314,1224023416,1180646068,1211953954,1239840270,1429048106,1546912332,1755989899,2361635782,2895047587,3159826892,3456265062,3952397735,4085781939,3674188229,3449925739,3629133575,3188652765,3193512950,3271685597,2789881259,2896610480,3000162081,3218419897,3155149348,2891001149,3325145407,3352032737
Angola,GDP (current US$),8769836769,10201780977,11229515599,12704558517,15114352005,11051939102,3390500000,5561222222,7526963964,7648377413,6506229607,6152922943,9129594819,8936079253,15285592487,17812704626,23552057820,36970901025,52381025105,65266415707,88538664888,70307196477,81699526881,1.09437E+11,1.24998E+11,1.33402E+11,1.37244E+11,87219300385,49840491178,68972769396,77792944472,69309110146,50241368244,65685435100,1.06714E+11
Antigua and Barbuda,GDP (current US$),398637727.8,438794788.5,459470370.4,481707407.4,499281481.5,535174074.1,589429629.6,577281481.5,633729629.6,680618518.5,727859259.3,766200000,826370370.4,800481481.5,814381481.5,856396296.3,919729629.6,1022962963,1157662963,1312759259,1370070370,1228329630,1148700000,1137637037,1199948148,1181448148,1249733333,1336692593,1436585185,1467955556,1604770370,1675403704,1416348148,1560518519,1757603704
Argentina,GDP (current US$),1.2689E+11,76629728760,1.41353E+11,1.8972E+11,2.28779E+11,2.36742E+11,2.5744E+11,2.58032E+11,2.7215E+11,2.92859E+11,2.98948E+11,2.83523E+11,2.84204E+11,2.68697E+11,97724004252,1.27587E+11,1.64658E+11,1.98737E+11,2.32557E+11,2.87531E+11,3.61558E+11,3.32976E+11,4.23627E+11,5.30158E+11,5.45982E+11,5.52025E+11,5.2632E+11,5.94749E+11,5.57532E+11,6.43628E+11,5.2482E+11,4.47755E+11,3.8554E+11,4.87227E+11,6.3277E+11
Armenia,GDP (current US$),,,2256838858,2069870130,1272835453,1201312829,1315158637,1468317435,1596968946,1639492445,1893726437,1845482173,1911563669,2118467913,2376335048,2807061009,3576615240,4900469515,6384452071,9206301264,11662040704,8647937091,9260285762,10142111812,10619320693,11121464430,11609513241,10553337528,10546136240,11527458713,12457940705,13619290546,12641698594,13861409969,19502783988
Aruba,GDP (current US$),596648044.7,695530726.3,764804469.3,872067039.1,958659217.9,1083240223,1245810056,1320670391,1379888268,1531843575,1665363128,1722905028,1873184358,1896648045,1962011173,2044134078,2254748603,2359776536,2469832402,2677653631,2843016760,2553631285,2453631285,2637988827,2615083799,2727932961,2791061453,2963128492,2983798883,3092178771,3276187709,3395793855,2610038939,3126019385,
Australia,GDP (current US$),2.36153E+11,2.99876E+11,3.11431E+11,3.25982E+11,3.25532E+11,3.12138E+11,3.22809E+11,3.68141E+11,4.01311E+11,4.35614E+11,3.99661E+11,3.8939E+11,4.15845E+11,3.79358E+11,3.95573E+11,4.67498E+11,6.14326E+11,6.95305E+11,7.47907E+11,8.54427E+11,1.05569E+12,9.2863E+11,1.14857E+12,1.39846E+12,1.54695E+12,1.57633E+12,1.46759E+12,1.35058E+12,1.20656E+12,1.32647E+12,1.42827E+12,1.39222E+12,1.32694E+12,1.5527E+12,1.67542E+12
Austria,GDP (current US$),1.33339E+11,1.33106E+11,1.66463E+11,1.73794E+11,1.95078E+11,1.9038E+11,2.03535E+11,2.41038E+11,2.37251E+11,2.1279E+11,2.1826E+11,2.17259E+11,1.9729E+11,1.97509E+11,2.14395E+11,2.62274E+11,3.01458E+11,3.16092E+11,3.3628E+11,3.89186E+11,4.32052E+11,4.01759E+11,3.92275E+11,4.31685E+11,4.09402E+11,4.30191E+11,4.42585E+11,3.81971E+11,3.95837E+11,4.17261E+11,4.54991E+11,4.44621E+11,4.35225E+11,4.80368E+11,4.714E+11
Azerbaijan,GDP (current US$),,,8858006042,5344000000,444658671.6,1570392598,1193141110,2417332562,3176507992,3962362387,4446370371,4581246713,5272617196,5707618247,6236086669,7276413079,8680410158,13245421881,20981929498,33049426816,48851318826,44292408817,52909294792,65952763949,69679913510,74160553009,75239737489,53076244755,37867007023,40866632048,47112479289,48174235294,42693000000,54825411765,78721058824
"Bahamas, The",GDP (current US$),2817900000,3062000000,3166000000,3111160000,3109000000,3092000000,3259000000,3429000000,3609000000,6332360000,6833220000,7683870000,8076470000,8317830000,8881160000,8870090000,9055290000,9836200000,10167250000,10618340000,10526000000,9981960000,10095760000,10070450000,10720500000,10562800000,11176100000,11672900000,11750800000,12253500000,12653600000,13058700000,9754600000,11527600000,12897400000
Bahrain,GDP (current US$),3702393617,3863563830,4229787234,4616223404,4751063830,5200266107,5567553976,5849468273,6101861964,6349202985,6183777212,6621010739,9062898936,8976196809,9593510638,11074813830,13150159574,15968723404,18504760638,21730000000,25710904255,22938218085,25713271277,28776595745,30749308511,32539468085,33387712766,31050638298,32234973404,35473776596,37802005319,38653318085,34621807713,39303403989,44390820479
Bangladesh,GDP (current US$),26579005760,28781714764,31598341233,30957483950,31708874594,33166519418,33768660883,37939748769,46438484108,48244309133,49984559471,51270569884,53369787319,53991289844,54724081491,60158929188,65108544250,69442943089,71819083684,79611888213,91631278239,1.02478E+11,1.15279E+11,1.28638E+11,1.33356E+11,1.49991E+11,1.72885E+11,1.95079E+11,2.65236E+11,2.93755E+11,3.21379E+11,3.51238E+11,3.73902E+11,4.16265E+11,4.60201E+11
Barbados,GDP (current US$),1812757918,2006165167,2012131457,2020583702,1957000000,2063342117,2151344901,2216974096,2363645403,2498384130,2817083478,2951822205,3059500000,3054500000,3106500000,3209500000,3444500000,3819500000,4217450800,4674007450,4784925100,4465657300,4529928300,4657699450,4610096000,4677248300,4696344350,4724691200,4832811750,4981588900,5097283200,5324250000,4671800000,4843800000,5637914515
Belarus,GDP (current US$),,,21650000000,18000000000,17037037037,16280991736,14932024169,13972676841,14756846154,14128408566,15222012660,12138486532,12736856828,12354820144,14594928109,17825437483,23141593074,30210091837,36961822468,45275747157,60752177439,50873181572,57231904543,61762340943,65685903570,75527537703,78812785768,56454895055,47723549319,54725311690,60031163987,64410112583,61371755326,69673747132,72793457588
Belgium,GDP (current US$),1.62299E+11,1.64221E+11,2.05332E+11,2.10511E+11,2.34782E+11,2.24722E+11,2.44884E+11,2.88026E+11,2.79201E+11,2.52708E+11,2.58528E+11,2.58246E+11,2.36792E+11,2.36746E+11,2.58384E+11,3.18083E+11,3.69215E+11,3.85715E+11,4.0826E+11,4.70922E+11,5.17328E+11,4.83254E+11,4.81421E+11,5.2333E+11,4.96153E+11,5.21791E+11,5.3539E+11,4.62336E+11,4.76063E+11,5.02765E+11,5.43299E+11,5.35866E+11,5.25213E+11,5.94352E+11,5.78604E+11
Belize,GDP (current US$),320093360.3,369133890.7,549500000,599000000,693500000,751000000,771500000,818500000,851500000,868000000,914000000,975000000,1116000000,1163000000,1233000000,1298000000,1389500000,1461500000,1581000000,1696000000,1729000000,1680500000,1738500000,1819500000,1903000000,2029500000,2138000000,2210500000,2258500000,2286000000,2315000000,2416500000,2080000000,2491500000,2824081836
Benin,GDP (current US$),1620246085,1502294414,1959965330,1986437798,1695315306,2274558079,1598075945,2169627138,2361116448,2268301645,2455092688,3677393997,3519991440,3666222634,4194342689,5349258093,6190270377,6567654959,7034111316,8169048375,9787734517,9738626510,9535345011,10693321370,11141358106,12517845128,13284527850,11388160997,11821065852,12701655846,14262408080,14391686309,15651545209,17690083520,17401746309
Bermuda,GDP (current US$),1415100032,1501500032,1592400000,1634900000,1679900000,1820359900,1867160100,2030750000,2695390000,2932827000,3130748000,3324433000,3480219000,3680483000,3937228000,4186525000,4484703000,4868136000,6144000000,6767000000,6980000000,6656000000,6634526000,6312691000,6378188000,6465756000,6413988000,6654541000,6899911000,7142316000,7225977000,7423465000,6887147000,7127200000,7550500000
Bhutan,GDP (current US$),272298060,264798626.2,287765007.1,240294282.5,240233528.1,225973695.3,258954703.9,290490986.8,303408342.8,352229078.3,363458380.9,399311196.4,424448931,461479580.2,520846131.7,603999372.4,682577073.5,796938572,874989734.7,1168307575,1227809261,1234015142,1547990907,1777102586,1781280170,1756214304,1907090362,2003596824,2158971718,2450366108,2446867582,2535655609,2325185521,2539551327,
Bolivia,GDP (current US$),4597612362,4715972853,4867582598,5343261960,5643869231,5734699041,5981223290,6715162199,7396948398,7925736319,8497494138,8285063959,8397855937,8141517339,7905485146,8082399991,8773451752,9549122313,11451845379,13120107739,16674276979,17339992194,19649724656,23963162969,27084497482,30659338886,32996188017,33000198249,33941126194,37508642171,40287647931,40895322851,36629843806,40408208524,43068885673
Bosnia and Herzegovina,GDP (current US$),,,,,,,1255802469,1866572954,2786045322,3671910026,4116775275,4686255381,5567774049,5800616572,6728219507,8498893358,10156541358,11222796197,12864842269,15778737117,19112801197,17613946109,17176320823,18644239028,17226736285,18179104549,18558731213,16404352156,17116926092,18326376394,20484048416,20482603346,20226030731,23649566069,24527507288
Botswana,GDP (current US$),2644554882,3083822367,3790636664,3942877354,4146464587,4160129175,4259258811,4730599691,4847757704,5020265168,4790481509,5484263050,5788329609,5489608300,5438864269,7511582173,8957467707,9918907108,9919158482,10567270656,10730828592,10118459714,12637273429,15110642876,13907464500,14271738367,15470087926,13530749290,15082636723,16105156376,17031943186,16725908662,14960291541,18737066307,20352322157
Brazil,GDP (current US$),3.07882E+11,4.12991E+11,4.64989E+11,4.07729E+11,3.90567E+11,4.383E+11,5.4623E+11,7.69333E+11,8.50426E+11,8.83206E+11,8.63711E+11,5.99642E+11,6.55448E+11,5.59984E+11,5.09795E+11,5.58234E+11,6.69289E+11,8.91634E+11,1.10763E+12,1.39711E+12,1.69586E+12,1.667E+12,2.20884E+12,2.61616E+12,2.46523E+12,2.47282E+12,2.45604E+12,1.80221E+12,1.79569E+12,2.06351E+12,1.91693E+12,1.87329E+12,1.47611E+12,1.64962E+12,1.9201E+12
Brunei,GDP (current US$),2690684125,2985531763,3520486980,3701774189,4183633796,4105729444,4087219773,4734103536,5115454694,5197312555,4051143193,4600117604,6001280944,5601020247,5843367180,6557395816,7872201251,9531417164,11470462365,12247680703,14393437610,10732592999,13707275498,18525128230,19048443089,18094326393,17097801092,12930292949,11400467372,12128182464,13567164445,13469240163,12005795915,14006497000,16681531646
Bulgaria,GDP (current US$),22555941176,21988444444,20632090909,10943548387,10350515464,10832228507,9697416974,18991531543,12294987876,11316126258,15031052201,13627325461,13245990274,14183443862,16403043850,21144962058,26157744753,29868651533,34380543845,44432811756,54480697770,52023813558,50754203891,57735709914,54290156342,55844245264,57159557805,50828088836,53987487124,59343060706,66399602077,68911930628,70404359049,84061395658,89040398406
Burkina Faso,GDP (current US$),2616040481,2615587730,3101300779,3135045586,3356692508,3199536460,1895290638,2379517976,2586550594,2447669100,2804902369,3389566711,2968370087,3190371080,3622350066,4740768141,5451688535,6146353177,6547419822,7625722829,9451435481,9450696866,10109619736,12080295985,12561015145,13444300490,13943016080,11832159316,12833363044,14106955625,15890066210,16178161666,17933606213,19737616003,18884619613
Burundi,GDP (current US$),1082403219,1113924130,1132101253,1167398478,1083037671,938632612,925030590.2,1000428394,869033856.3,972896267.9,893770739.5,808077223.4,870486065.9,876794723.1,825394519.7,784654423.6,915257323.4,1117113080,1273375078,1356199387,1611835857,1781455140,2032135191,2235820809,2333341334,2451606632,2705783330,3104003546,2644487777,2723586962,2667182199,2576518879,2649680261,2775798697,3073414678
Cambodia,GDP (current US$),,,,,,2533727592,2791435272,3441205693,3506695720,3443413389,3120425503,3517242477,3654031716,3984000517,4284028483,4658246918,5337833248,6293046162,7274595707,8639235913,10351914178,10401851767,11242275289,12829541141,14054443213,15227991395,16702610842,18049954289,20016747858,22177200589,24571753582,27089390033,25872797892,26961061152,29956769529
Cameroon,GDP (current US$),12236057370,11012566178,12314482630,11840192304,12071775346,16181814684,8902446258,10864772473,11093538841,10789458426,11298144999,11565826459,10566579295,10953485345,12417251342,15970315030,18826214125,19509852219,20910512978,23928250410,27715142006,27932970297,27507501809,30630910513,30155062303,33728621190,36386544716,32210233022,33814337041,36098547059,39973842059,39670976440,40773241212,45338285386,44341646509
Canada,GDP (current US$),5.0938E+11,5.67225E+11,5.96089E+11,6.12514E+11,5.94376E+11,5.79059E+11,5.79944E+11,6.05941E+11,6.30598E+11,6.54988E+11,6.33998E+11,6.7841E+11,7.44773E+11,7.38963E+11,7.60649E+11,8.95541E+11,1.02669E+12,1.17311E+12,1.31926E+12,1.46882E+12,1.55299E+12,1.37463E+12,1.61734E+12,1.79333E+12,1.82837E+12,1.8466E+12,1.80575E+12,1.55651E+12,1.52799E+12,1.64927E+12,1.7253E+12,1.74373E+12,1.6476E+12,2.00149E+12,2.13984E+12
Cape Verde,GDP (current US$),264308140.3,267448570.3,306890961.2,319827058.6,357160985.3,490417389.7,406580652.3,487148993.5,501979271.9,490608657.9,521910560.5,592416703.1,539227277.6,563090488.9,620507385.7,813260468.9,924940012.9,972241682.1,1107571459,1649621735,1959620653,1852334581,1824751460,2046817975,1913081206,2028910915,2041930125,1749857628,1849789993,1996741545,2205099509,2266752197,1878277311,2091741774,2314816792
Cayman Islands,GDP (current US$),,,,,,,,,,,,,,,,,,,4200288282,4466278031,4585948969,4281714618,4156841164,4186073160,4291004486,4405796081,4562853582,4708167255,4909322200,5166281293,5530178499,5941896600,5647224973,6028373541,
Central African Republic,GDP (current US$),1264899288,1233930279,1440711459,1377374988,1411917554,1278781259,851174357.3,1115389674,1007791127,937741512.4,967338390.4,999477510.7,916777282.7,932648604.4,996068145.6,1142315522,1272360517,1337894380,1461859763,1699811293,1993407887,2067381664,2142591539,2437982707,2510126510,1691544111,1894813390,1695825714,1825018144,2072349974,2220979145,2221301351,2326720902,2516498412,2382618615
Chad,GDP (current US$),1482597299,1433686310,1738605558,1877137983,1881847671,1463251161,1179837964,1445919895,1607345355,1544689576,1744794532,1534673583,1388506772,1710843376,1997005710,2742815071,4422855658,6649307528,7428701455,8650137735,10393833755,9290728312,10668103549,12172308858,12367362746,12953534870,13940767222,10950392257,10097778097,10000394388,11239167890,11314951088,10715396051,11779981332,12704149842
Chile,GDP (current US$),26040052657,29885218682,33113525804,37835245156,45964855774,49298281356,57008877553,73446446283,78575020639,85728899954,81995749804,75596598517,78249883996,71517267768,70295232513,76507853876,99079365628,1.22315E+11,1.5384E+11,1.72566E+11,1.79663E+11,1.71413E+11,2.17105E+11,2.51225E+11,2.67176E+11,2.77239E+11,2.59405E+11,2.42497E+11,2.49299E+11,2.76365E+11,2.95403E+11,2.78493E+11,2.54096E+11,3.16714E+11,3.01025E+11
China,GDP (current US$),3.12354E+11,3.47768E+11,3.60858E+11,3.83373E+11,4.26916E+11,4.44731E+11,5.64322E+11,7.34485E+11,8.63749E+11,9.61602E+11,1.02906E+12,1.09401E+12,1.21133E+12,1.3394E+12,1.47056E+12,1.66028E+12,1.95535E+12,2.28596E+12,2.75212E+12,3.55033E+12,4.59434E+12,5.10169E+12,6.08719E+12,7.55155E+12,8.53219E+12,9.57047E+12,1.04756E+13,1.10616E+13,1.12333E+13,1.23105E+13,1.38949E+13,1.428E+13,1.46877E+13,1.78205E+13,1.79632E+13
Colombia,GDP (current US$),39212550050,39540080200,47844090710,49637993949,58394443349,66474101329,81705497617,92495970511,97153389011,1.06656E+11,98486358604,86278947621,99875074935,98200641189,97945812790,94644969146,1.17092E+11,1.45601E+11,1.61793E+11,2.0623E+11,2.42504E+11,2.32469E+11,2.86499E+11,3.34966E+11,3.70691E+11,3.82094E+11,3.81241E+11,2.93492E+11,2.8272E+11,3.11867E+11,3.34198E+11,3.23032E+11,2.70151E+11,3.18512E+11,3.43939E+11
Comoros,GDP (current US$),356500032.8,341476768.1,429622178,424108769.1,457388651.9,452881475.1,319189184.3,398461796.7,396053806.4,364445600.1,370106746,382454989.9,351136579.8,378512024.1,425964681.1,546885223.2,633706110.4,653845169.2,698431794.5,795673153.2,915659107.8,905341174,907978731.7,1023086273,1015843491,1116224107,1149587660,966029599.8,1012835493,1077439756,1188797450,1195019531,1225039196,1296089479,1242519407
"Congo, Dem. Rep.",GDP (current US$),8861299977,9021862775,9349764580,9625436873,8227343907,10706259937,5820382248,5643439376,5771454940,6090840548,6217806273,4711259427,19088046306,7438189100,8728038525,8937567060,10297483481,11964484458,14451901696,16737071816,19788515579,18648372545,21565721036,25839749199,29306235295,32679745036,35909040944,37917706486,37134801549,38019264805,47568210021,51775829869,48716961865,55350968593,58065953573
"Congo, Rep.",GDP (current US$),2212536313,2389593022,2798746051,2724853508,2933222706,2684323618,1769365439,2116003868,2540697538,2322719101,1949481381,2354772959,3227927697,2796704603,3034250926,3503723087,4656974938,6650001685,8072305031,8782703428,11649857662,9723299908,13148396206,15655383586,17692911281,17958720704,17912907682,11890259177,10219341017,11094823677,13670038020,12750338736,10483151094,13366230821,14615532210
Costa Rica,GDP (current US$),4614629898,5251025767,5711687787,7196276092,8564041895,9582868510,10486787030,11578594260,11678424507,12614602382,13684255947,14254866281,15013629659,15976174337,16578820687,17271760507,18610594846,20040642477,22715540324,26884700345,30801744881,30745714327,37658614803,42762613706,47231655433,50949668886,52016408924,56441920824,58847019585,60516044623,62420164965,64417670556,62395610764,64616482168,68380838316
Cote d'Ivoire,GDP (current US$),10255169812,9757410630,10795850585,10492628588,11152971284,11045760269,8313557515,11000146269,18071152821,18047558027,19619654770,18870992456,16577533892,16810537038,18054383334,21251754335,23510575669,24036918719,25281413268,28760090924,34078240260,33886813225,34936307964,36693710822,36302302844,42760235496,48843005625,45815005171,48407761032,52512344034,58522477745,59898479821,62982768372,71811075955,70018715017
Croatia,GDP (current US$),,,,,,,,22778305790,24147539210,24172608178,25885225294,23770159784,22128719418,23063323723,26757255952,35254833028,41855265955,45025328214,49532592593,59172904661,68342061762,61941466003,58693611581,62599775593,57231455635,59363124069,59214461630,50742086223,52391038979,55937483558,61330483610,61329267533,57624938982,68843674641,70964606465
Cuba,GDP (current US$),27458999472,27023468666,28645436569,24316556026,22085858243,22367254865,28448326757,30429803651,25017368700,25365908100,25736331200,28364615200,30565400000,31682400000,33590500000,35901200000,38203000000,42643836100,48835925926,54262870370,56302129630,57481481481,59562962963,68990000000,73141000000,77148000000,80656000000,87133000000,91370000000,96851000000,1.0005E+11,1.03428E+11,1.07352E+11,,
Cyprus,GDP (current US$),4278792597,4563482604,5591130218,5770197348,6912150456,6590291048,7425703929,9933133247,10011918444,9547818700,10248617647,10497908306,9985844486,10397897086,11420227885,14547325028,17320552500,18433411267,20072786351,23968764030,27844698989,25945391775,25799940416,27641551809,25047433100,23959708956,23225912183,19909269065,21046452117,22946583376,25597301191,25945194240,25008266159,28408064462,28439052741
Czech Republic,GDP (current US$),,,40728950705,29859921159,34805013230,40866982340,47850065329,60145663259,67388492014,62180519006,66807498696,65173036731,61823494487,67808695574,82196206090,1.0009E+11,1.19815E+11,1.37143E+11,1.56264E+11,1.90184E+11,2.36817E+11,2.07434E+11,2.0907E+11,2.29563E+11,2.08858E+11,2.11686E+11,2.09359E+11,1.88033E+11,1.96272E+11,2.18629E+11,2.49001E+11,2.52548E+11,2.45975E+11,2.81791E+11,2.90924E+11
Denmark,GDP (current US$),1.15552E+11,1.1241E+11,1.38248E+11,1.39226E+11,1.52915E+11,1.43195E+11,1.56164E+11,1.85008E+11,1.87633E+11,1.73539E+11,1.76991E+11,1.77964E+11,1.64158E+11,1.64791E+11,1.78635E+11,2.18097E+11,2.51375E+11,2.64467E+11,2.82886E+11,3.19423E+11,3.53359E+11,3.21243E+11,3.21995E+11,3.44003E+11,3.27149E+11,3.43584E+11,3.52994E+11,3.02673E+11,3.13116E+11,3.32121E+11,3.56841E+11,3.46499E+11,3.55222E+11,3.98303E+11,3.95404E+11
Djibouti,GDP (current US$),395794538.6,409220087.1,452328087.3,462421998.5,478058304.9,466048469.2,491689220.7,497723960.6,494004647.7,502675542,514267869.3,536080148.1,551230861.9,572417440.8,591122039.6,622044665.5,666072101.8,708633194.7,768873684,847918929.1,999105339.3,1049110685,1128611700,1239144502,1353632942,2042817163,2214679081,2424391785,2604955229,2762581334,2913466732,3088853639,3181071154,3372287462,3515109075
Dominica,GDP (current US$),171106184.1,185137243,201429629.6,219762963,234059259.3,245525925.9,264374074.1,274522222.2,292285185.2,302988888.9,322411111.1,331759259.3,333470370.4,340203703.7,333196296.3,343311111.1,367200000,364255555.6,390251851.9,421374074.1,458188888.9,489074074.1,493825925.9,501025925.9,485996296.3,498296296.3,520207407.4,540737037,576229629.6,521551851.9,554770370.4,611537037,504214814.8,555266666.7,612048148.1
Dominican Republic,GDP (current US$),5374300275,6686593060,7073675545,9824483368,11605382504,13081042400,14644734248,16637370839,18241622256,20017449966,21672215776,22136579527,24305781112,25601824419,27137441266,21403168128,22322387610,35777560475,37879829855,43965459071,48122601590,48261079524,53860187452,58029773802,60681535894,62682158700,67179956265,71164826720,75704647977,79998045976,85555390386,88941371980,78844655833,94243426487,1.13642E+11
East Timor,GDP (current US$),,,,,,,,,,,,,367087900,477443500,469506700,490439100,440764600,462283600,453805100,542795400,648492700,726882400,881827800,1042411500,1160389600,1395519600,1447310400,1594447600,1650619400,1595724300,1563887900,2028551600,2158392500,3621222400,3163324631
Ecuador,GDP (current US$),13051886552,13890828708,15239278100,16988535268,18094238119,18938717359,22708673337,24432884442,25226393197,28162053027,27981896948,19645272636,18327764882,24468324000,28548945000,32432858000,36591661000,41507085000,46802044000,51007777000,61762635000,62519686000,69555367000,79276664000,87924544000,95129659000,1.01726E+11,99290381000,99937696000,1.04296E+11,1.07562E+11,1.08108E+11,99291124000,1.06166E+11,1.15049E+11
"Egypt, Arab Rep.",GDP (current US$),34980124929,39756299050,42978914311,37387836491,41855986519,46578631453,51897983393,60159245060,67629716981,78436578171,84828807556,90710704807,99838543960,96684636119,85146067416,80288461538,78782467532,89600665557,1.07426E+11,1.30438E+11,1.62818E+11,1.89147E+11,2.18984E+11,2.3599E+11,2.79117E+11,2.88434E+11,3.05595E+11,3.29367E+11,3.32442E+11,2.48363E+11,2.62589E+11,3.18679E+11,3.83818E+11,4.24672E+11,4.76748E+11
El Salvador,GDP (current US$),4189880000,4372215300,4817542204,5252342400,5813399300,6680269200,7679384000,8921947100,9586327800,10221705900,10936669900,11284197000,11784927700,12282533600,12664190300,13243892200,13724810900,14698000000,15999890000,17011750000,17986890000,17601620000,18447920000,20283780000,21386150000,21990960000,22593470000,23438240000,24191430000,24979190000,26020850000,26881140000,24930080000,29451240000,32488720000
Eritrea,GDP (current US$),,,,,477101651.6,467872714.8,531688311.7,578015625,693535954.2,686490090.1,745523074.7,688918508.9,706370815.6,752371683.2,729321671.4,870248293.7,1109054005,1098424709,1211161880,1317974491,1380188800,1856695551,1589515447,2065001626,,,,,,,,,,,
Estonia,GDP (current US$),,,,,,,,4502970889,4786018988,5154420649,5674080543,5756912266,5686579748,6254649539,7367975888,9874013098,12145911801,14106790200,17022870405,22449129483,24341678629,19633031398,19523477326,23213994093,23019150071,25115753366,26634083965,22890762090,24072829277,26924385103,30624720196,31081901909,31370395573,37191166152,38100812959
Eswatini,GDP (current US$),692026606.9,696921409.5,1114694112,1156135718,1284759852,1357189725,1419294121,1698989464,1602741772,1716714194,1576908809,1547888454,1738093757,1542477309,1432221784,2197598418,2770082792,3178112332,3291329938,3469381231,3294084181,3580427986,4438765109,4820478592,4886551706,4597552949,4422986447,4063245671,3816019223,4402969226,4666598024,4466214522,3982236726,4748702401,4854167638
Ethiopia(excludes Eritrea),GDP (current US$),10908935749,11476584879,12175166763,13463868357,10492993078,8830712714,6927950565,7663984568,8547939731,8589233420,7818205972,7700833482,8242349955,8231326016,7850809498,8623691300,10131187261,12401139454,15280861835,19707616773,27066912635,32437389116,29933790334,31952763089,43310721414,47648276190,55612228234,64589329345,74296745599,81770886909,84269196152,95912607970,1.07658E+11,1.11262E+11,1.26783E+11
Faeroe Islands,GDP (current US$),,,,,,,,,,,1104744290,1127684827,1067109509,1160268142,1275093662,1501941505,1724770867,1759739599,2017680722,2339015385,2489873331,2296065313,2331796784,2505740886,2427200583,2690110671,2914012852,2573906036,2813278761,2980057168,3188601035,3275684065,3248670978,3649878680,
Fiji,GDP (current US$),1110009264,1182660000,1337017259,1383883719,1532411209,1636101247,1825732093,1970301019,2128696644,2090221137,1653146994,1936459986,1678219508,1652462063,1833279985,2300492002,2708078477,2980403465,3076305453,3378314600,3523185920,2870624636,3140167239,3779412255,3972028510,4189968870,4857103847,4682480304,4930213788,5353468388,5581425891,5481692622,4477030180,4296235428,4943248200
Finland,GDP (current US$),1.09059E+11,1.19012E+11,1.41438E+11,1.27774E+11,1.12533E+11,89214114708,1.033E+11,1.3419E+11,1.32129E+11,1.26912E+11,1.34039E+11,1.35264E+11,1.2602E+11,1.29533E+11,1.40404E+11,1.71652E+11,1.97479E+11,2.04885E+11,2.17089E+11,2.56378E+11,2.85716E+11,2.53498E+11,2.49424E+11,2.75604E+11,2.5829E+11,2.71362E+11,2.74863E+11,2.34534E+11,2.40771E+11,2.55648E+11,2.75708E+11,2.68515E+11,2.71886E+11,2.96388E+11,2.80826E+11
Fm Sudan,GDP (current US$),14372555556,21408111111,33641222222,44171194366,7031933492,8881010081,12793798418,13830369852,9018303128,11681179571,11250220603,10682027635,12257299147,15716361539,18137126092,21355295732,26646007251,35182707174,45263824686,59440139775,64833088568,58315346841,74151157012,78402841445,63196236489,66027147865,76818773785,84984672416,1.02944E+11,1.29719E+11,32333780383,32338079165,27034593750,34229513775,51662241775
France,GDP (current US$),1.01885E+12,1.02521E+12,1.26918E+12,1.26928E+12,1.40147E+12,1.32282E+12,1.39398E+12,1.60109E+12,1.60568E+12,1.45288E+12,1.50311E+12,1.49315E+12,1.36564E+12,1.37766E+12,1.50141E+12,1.84454E+12,2.11963E+12,2.19695E+12,2.32054E+12,2.66059E+12,2.9303E+12,2.70089E+12,2.64519E+12,2.86516E+12,2.68367E+12,2.81188E+12,2.85596E+12,2.43919E+12,2.47296E+12,2.59515E+12,2.79096E+12,2.72887E+12,2.63901E+12,2.95788E+12,2.78291E+12
French Polynesia,GDP (current US$),2723496362,2731683490,3320159523,3410078974,3713785776,3544608541,3676123796,4186994271,4166072830,3762859109,3903186595,3911602000,3599845482,3573808551,3965405557,4927780605,5564109988,5705052111,5877997997,6631156411,7136741398,6584557942,6086644791,6203940049,5692858094,6031827089,6151996535,5325846342,5497036487,5833352684,6135116261,6022276207,5731835679,6080359305,
Gabon,GDP (current US$),3834503378,4186411457,5952293766,5402919788,5592390833,4378645081,4190819347,4958845649,5694040000,5326817111,4483417313,4662992036,5080483628,5023265411,5335451104,6511903364,7770219004,9582783997,10327598309,12455409575,15571348329,12113699059,14372593014,18210307754,17170464001,17595744804,18203966900,14383107763,14023890264,14929487496,16867326390,16874405460,15314577168,20217946921,21071739228
"Gambia, The",GDP (current US$),266672202.5,284120331.6,317083688.2,690311093.2,714254263.1,755040935,746493955,785999879.7,848239405.6,803633368.7,840285264.6,814724055.9,782913866,687410630.5,578235309.3,487038679.4,961900640.7,1027701056,1054112488,1279703030,1561766956,1450142497,1543294945,1409693594,1415004743,1375609460,1229461732,1378176606,1484578897,1504909448,1670671340,1813609679,1812170878,2038414974,2273060863
Georgia,GDP (current US$),,,7753501868,6357615894,3690328964,2701181331,2514070772,2693768413,3095047604,3510520231,3613498183,2800026344,3057475335,3219462780,3395766678,3991377904,5125365192,6410912050,7745249284,10172933118,12795147992,10766919442,12243219360,15107482383,16488819133,17190068236,17627336228,14953675993,15141598623,16242647230,17596922470,17470436259,15842922533,18629365612,24605375420
Germany,GDP (current US$),1.40123E+12,1.39897E+12,1.77167E+12,1.86895E+12,2.13157E+12,2.07132E+12,2.20507E+12,2.58579E+12,2.49724E+12,2.21199E+12,2.23899E+12,2.19495E+12,1.94798E+12,1.94579E+12,2.07848E+12,2.50164E+12,2.81435E+12,2.84686E+12,2.9947E+12,3.42558E+12,3.74526E+12,3.41126E+12,3.39967E+12,3.74931E+12,3.52714E+12,3.7338E+12,3.88909E+12,3.35759E+12,3.46985E+12,3.69085E+12,3.97444E+12,3.88823E+12,3.88967E+12,4.25993E+12,4.07219E+12
Ghana,GDP (current US$),5197840973,5251764270,5889174834,6603130040,6416079342,5968905679,5446370115,6464389656,6932984636,6891433841,7482072380,7718110781,4982849054,5314871684,6166197192,7632720680,8881419348,10744562615,20885042153,24827333947,28679383241,26048726186,32197648061,39336668081,41271708600,62824629066,54783320577,49406014245,56164933479,60405920071,67298913752,68337974419,70043095503,79156409410,72838798788
Greece,GDP (current US$),76261277925,79169043223,97891092003,1.05143E+11,1.16225E+11,1.08809E+11,1.16602E+11,1.36878E+11,1.45862E+11,1.43158E+11,1.44428E+11,1.42589E+11,1.30458E+11,1.36309E+11,1.54564E+11,2.0237E+11,2.40964E+11,2.47875E+11,2.73547E+11,3.18903E+11,3.55909E+11,3.31309E+11,2.97125E+11,2.82996E+11,2.42029E+11,2.38908E+11,2.35458E+11,1.95684E+11,1.93148E+11,1.99844E+11,2.12049E+11,2.05257E+11,1.88926E+11,2.14874E+11,2.19066E+11
Greenland,GDP (current US$),898607670.6,929799902.2,1018977225,1016500016,1037916105,927214127.9,1005887592,1208953359,1197515638,1072154407,1149858127,1131555107,1068024994,1086170639,1169136691,1558759744,1822499871,1849802648,2013106817,2249811365,2499092396,2529964061,2503167187,2684461608,2609678695,2684947140,2842065877,2499113085,2707146783,2851610656,3055791341,2997331094,3082909158,3235816195,
Grenada,GDP (current US$),236357523.7,267327642.2,278098763,300757888.9,310160444.4,309812185.2,325111814.8,342172518.5,366911444.4,392190592.6,445903592.6,482009370.4,520044370.4,520444185.2,540336925.9,591018407.4,599118592.6,695555555.6,698700666.7,758683592.6,825976037,771275555.6,771014814.8,778655555.6,799881481.5,842618518.5,911496296.3,997007407.4,1061640741,1125685185,1166514815,1213485185,1043411111,1122800000,1256413185
Guatemala,GDP (current US$),7841602824,8410724361,7650196277,9406135143,10440781588,11400018313,12983233687,14655404433,15674835615,17790026222,19395491993,18318412251,19288928616,18405221418,20444205991,21576351799,23577298589,26783388709,29744247479,33567850095,38503718527,37126146369,40676579265,46876004265,49593926849,52996447956,57852150565,62186064719,66053402745,71653756504,73328369926,77172313916,77715183063,86053079767,95003333381
Guinea,GDP (current US$),2384295815,2432029297,2666750820,3015058206,3284620422,3279096492,3383092770,3693710533,3868968366,3783700462,3588375622,3461282460,2995361112,2829435908,2950198724,3446441785,3635458214,2937071740,4220019243,6281917650,6964179188,6716904516,6853467833,6785137215,7638045226,8376613880,8778473643,8794202395,8595955601,10324668271,11857030366,13442861497,14177835841,16091817842,21227749389
Guinea-Bissau,GDP (current US$),164458120.3,213143016.4,243961995.5,257150374.1,226313443.7,236880821.7,235620043.5,253966922.3,270419779.4,268551010.9,206457553.4,224446663.8,371095522,392621389.5,417806651.1,477458577.2,532062894.8,587029096,592365659.8,696910784,868154627.9,830126428.8,849878489.1,1099818592,989271155.1,1046087367,1054915581,1048229633,1179004911,1350177012,1504630234,1439638411,1431758232,1638517607,1633559092
Guyana,GDP (current US$),413799990,379779389.7,396582263.3,348533094.8,373573141.5,454101382.5,540874934.2,621626785.9,705406001.4,749138009.6,717530683.2,694754988.3,712667896.7,712167448.9,726131434.7,743063949,787814379.2,824880550.3,2379817987,2730971600,3025187428,3165663153,3432912511,3691384318,4063088529,4167800936,4127660158,4279840194,4482697337,4748174334,4787637006,5173760192,5471256595,8044498801,15357537068
Honduras,GDP (current US$),5902717091,5432344902,4923009552,4648668479,4943700431,4926728933,4642280682,5347445005,5215028986,5737099650,6366340266,6414520530,7186638029,7651162302,7858255253,8230391505,8869299234,9757012869,10917476874,12361257681,13881731631,14587496229,15839344592,17710275997,18528554861,18499729063,19756533658,20979791685,21717604581,23136248046,24067750466,25089937109,23827859695,28488721296,31717700115
"Hong Kong, China",GDP (current US$),59707404561,68790222118,76928784621,88960001716,1.04273E+11,1.20354E+11,1.35812E+11,1.44652E+11,1.59718E+11,1.77353E+11,1.68885E+11,1.65768E+11,1.71669E+11,1.69404E+11,1.66349E+11,1.61386E+11,1.691E+11,1.81569E+11,1.93535E+11,2.11597E+11,2.19279E+11,2.14048E+11,2.28639E+11,2.48514E+11,2.62629E+11,2.75697E+11,2.9146E+11,3.09386E+11,3.2086E+11,3.41273E+11,3.61731E+11,3.63075E+11,3.44943E+11,3.68911E+11,3.59839E+11
Hungary,GDP (current US$),,,,34753569693,38730585922,40124916941,43166678735,46425677734,46658765340,47296961369,48706794879,49073373276,47218411470,53749989092,67608919144,85285075492,1.04121E+11,1.13211E+11,1.15716E+11,1.40187E+11,1.58326E+11,1.31069E+11,1.32175E+11,1.41942E+11,1.28814E+11,1.35684E+11,1.41034E+11,1.25174E+11,1.2861E+11,1.43112E+11,1.60566E+11,1.6402E+11,1.57227E+11,1.82275E+11,1.78789E+11
Iceland,GDP (current US$),6106638182,5672570278,6468739130,6909725408,7080977636,6218583218,6389462322,7123637089,7426082271,7569673904,8503689104,8982048417,9025660362,8234846523,9318398444,11429335645,13825309101,16852971987,17465318552,21652505597,18074619562,13154416197,13751161918,15221622926,14751508134,16125060515,17867662178,17517210519,20793168031,24728285177,26260850582,24663643102,21553080484,25552639899,27841648044
India,GDP (current US$),2.9659E+11,2.96042E+11,3.20979E+11,2.70105E+11,2.88208E+11,2.79296E+11,3.27276E+11,3.60282E+11,3.92897E+11,4.15868E+11,4.21351E+11,4.5882E+11,4.68395E+11,4.85441E+11,5.14938E+11,6.07699E+11,7.09149E+11,8.20382E+11,9.4026E+11,1.21674E+12,1.1989E+12,1.34189E+12,1.67562E+12,1.82305E+12,1.82764E+12,1.85672E+12,2.03913E+12,2.10359E+12,2.2948E+12,2.65147E+12,2.70293E+12,2.83561E+12,2.6716E+12,3.15031E+12,3.38509E+12
Indonesia,GDP (current US$),84300174476,94451427898,1.06141E+11,1.16622E+11,1.28027E+11,1.58007E+11,1.76892E+11,2.02132E+11,2.2737E+11,2.15749E+11,95445547873,1.40001E+11,1.65021E+11,1.60447E+11,1.95661E+11,2.34772E+11,2.56837E+11,2.85869E+11,3.64571E+11,4.32217E+11,5.10229E+11,5.3958E+11,7.55094E+11,8.92969E+11,9.1787E+11,9.12524E+11,8.90815E+11,8.60854E+11,9.31877E+11,1.01562E+12,1.04227E+12,1.1191E+12,1.05905E+12,1.18651E+12,1.3191E+12
"Iran, Islamic Rep.",GDP (current US$),1.23058E+11,1.20496E+11,1.24813E+11,,,63743623232,71841461173,96419225744,1.20404E+11,1.13919E+11,1.10277E+11,1.13848E+11,1.09592E+11,1.26879E+11,1.28627E+11,1.53545E+11,1.90043E+11,2.26452E+11,2.66299E+11,3.49882E+11,4.12336E+11,4.16397E+11,4.86808E+11,6.26133E+11,6.44036E+11,4.92776E+11,4.60383E+11,4.08213E+11,4.57955E+11,4.8663E+11,3.27901E+11,2.8365E+11,2.39735E+11,3.59097E+11,3.88544E+11
Iraq,GDP (current US$),62684516129,65831935484,1.80408E+11,407796349.7,553671957.7,1031944881,3991349283,12894029888,10433698621,20764857056,20617405044,36881601584,48364250944,36176430129,32928454672,21921569479,36627901762,49954890353,65140147197,88837055195,1.31614E+11,1.11658E+11,1.38517E+11,1.8575E+11,2.18002E+11,2.34638E+11,2.28416E+11,1.66774E+11,1.66602E+11,1.87218E+11,2.27367E+11,2.33636E+11,1.80924E+11,2.07692E+11,2.64182E+11
Ireland,GDP (current US$),37772896221,39238392678,49305632408,49787501584,55918538121,52417477614,57097656066,69139823232,75790786290,82856648758,90199410116,98893958263,1.00208E+11,1.09347E+11,1.28596E+11,1.64671E+11,1.94372E+11,2.11877E+11,2.32181E+11,2.70079E+11,2.75447E+11,2.36443E+11,2.21914E+11,2.39003E+11,2.25629E+11,2.38341E+11,2.59171E+11,2.91775E+11,2.99091E+11,3.36378E+11,3.85737E+11,3.99322E+11,4.25852E+11,5.04183E+11,5.29245E+11
Israel,GDP (current US$),,,,,,,,1.04893E+11,1.14508E+11,1.18861E+11,1.20057E+11,1.20922E+11,1.36035E+11,1.34637E+11,1.2506E+11,1.31299E+11,1.39974E+11,1.47084E+11,1.5867E+11,1.84053E+11,2.2053E+11,2.11968E+11,2.38364E+11,2.66792E+11,2.62282E+11,2.97733E+11,3.1433E+11,3.03414E+11,3.22103E+11,3.58245E+11,3.76692E+11,4.02471E+11,4.13268E+11,4.88527E+11,5.22033E+11
Italy,GDP (current US$),8.91609E+11,9.28661E+11,1.18122E+12,1.24622E+12,1.32016E+12,1.06496E+12,1.09922E+12,1.17466E+12,1.31243E+12,1.24188E+12,1.27005E+12,1.25245E+12,1.14668E+12,1.16802E+12,1.27677E+12,1.57762E+12,1.80654E+12,1.85822E+12,1.94955E+12,2.2131E+12,2.40866E+12,2.19993E+12,2.1361E+12,2.29499E+12,2.08696E+12,2.14192E+12,2.16201E+12,1.83664E+12,1.87707E+12,1.9618E+12,2.09193E+12,2.0113E+12,1.89721E+12,2.11436E+12,2.01043E+12
Jamaica,GDP (current US$),3828342704,4404938109,4592208087,4106207649,3535460090,5440075676,5452558892,6577520705,7393891854,8400041803,8787195622,8887058073,9005064475,9194727831,9719009562,9430234852,10174664854,11243865788,11930179173,12799600075,13709401444,12120458141,13220549858,14444661488,14807086491,14264205124,13899225340,14188938781,14077105503,14808984881,15730791526,15830766372,13812421859,14657586359,17097760745
Japan,GDP (current US$),3.07168E+12,3.05491E+12,3.13282E+12,3.58442E+12,3.90881E+12,4.45414E+12,4.9988E+12,5.54556E+12,4.92339E+12,4.49245E+12,4.09836E+12,4.63598E+12,4.96836E+12,4.37471E+12,4.18285E+12,4.51956E+12,4.89312E+12,4.83147E+12,4.60166E+12,4.57975E+12,5.10668E+12,5.28949E+12,5.75907E+12,6.23315E+12,6.27236E+12,5.21233E+12,4.89699E+12,4.44493E+12,5.00368E+12,4.93084E+12,5.04088E+12,5.11799E+12,5.04879E+12,5.00554E+12,4.23114E+12
Jordan,GDP (current US$),6277443443,4221374898,4160089597,4344468257,5310830590,5606401570,6236295978,6727597032,6927503526,7245839210,7912270804,8149929478,8460789845,8975812449,9582512831,10195627645,11411706629,12588998590,15056981664,17110442867,22658730357,24537876056,27133804225,29524149155,31634561690,34454440141,36847643521,38587017887,39892551127,41608435915,43370860704,44503005775,43579916197,45116317042,47451499859
Kazakhstan,GDP (current US$),,,26932729103,24923076923,24917355372,23409260880,21250792886,20374302652,21035357833,22165932063,22135245413,16870817135,18291990619,22152689130,24636598581,30833692831,43151647003,57123671734,81003864916,1.0485E+11,1.33442E+11,1.15309E+11,1.48047E+11,1.92626E+11,2.07999E+11,2.36635E+11,2.21416E+11,1.84388E+11,1.37278E+11,1.66806E+11,1.7934E+11,1.81667E+11,1.71082E+11,1.97112E+11,2.20623E+11
Kenya,GDP (current US$),8355380879,8283114648,8572359163,8151488882,8209120678,5751786610,7148148564,9046320197,12045865466,13115764433,14093998844,12896010520,12705350153,12986007426,13147736954,14904517650,16095337094,18737895401,25825512278,31958195182,35895153328,42347217913,45405615233,46869473166,56396704833,61671440481,68285796663,70120446664,74815143796,82036511259,92202979941,1.00378E+11,1.00658E+11,1.09704E+11,1.1342E+11
Kiribati,GDP (current US$),44534439.32,44282893.89,42933307.66,47516824.01,47736260.83,46920900.88,54834548.93,56336670.91,66517285.36,67538482.09,65333678.15,69034484.98,67253134.61,63099885.31,72197928.62,90231027.78,102370615.2,112136227.8,110237144.5,132674795.9,141045173.6,132421058.9,155305532.9,180672664.8,189629948.8,184543103.7,177868153.1,170292283.2,178507958.1,188540699.1,196501504.2,175181684.8,177553260.1,227610034.8,223352943.2
"Korea, Rep.",GDP (current US$),1.99591E+11,2.46927E+11,2.83368E+11,3.30649E+11,3.55525E+11,3.92666E+11,4.63617E+11,5.66583E+11,6.1017E+11,5.69755E+11,3.83331E+11,4.97513E+11,5.76178E+11,5.47658E+11,6.27246E+11,7.02717E+11,7.93175E+11,9.34901E+11,1.05322E+12,1.17261E+12,1.04734E+12,9.43942E+11,1.14407E+12,1.25322E+12,1.27843E+12,1.3708E+12,1.48432E+12,1.46577E+12,1.50011E+12,1.6239E+12,1.72485E+12,1.65142E+12,1.64431E+12,1.81096E+12,1.66525E+12
Kuwait,GDP (current US$),20690303615,24313821169,18427777778,11010010088,19858555215,23941391391,24848483838,27187006077,31492419238,30350207213,25943736431,30122398833,37718794714,34889597791,38135756834,47874659168,59439090601,80798630137,1.01557E+11,1.14634E+11,1.4738E+11,1.05969E+11,1.15417E+11,1.5408E+11,1.74048E+11,1.74168E+11,1.6265E+11,1.14586E+11,1.09406E+11,1.20688E+11,1.38202E+11,1.36192E+11,1.05949E+11,1.36797E+11,1.84558E+11
Kyrgyz Republic,GDP (current US$),,,2675000000,2569444444,2316562500,2028295455,1681006993,1661018519,1827570586,1767864036,1645963750,1249061487,1369688498,1525116370,1605643105,1919008090,2211534585,2460246796,2834168893,3802570572,5139958956,4690061344,4794361821,6197765942,6605142864,7335033799,7468102369,6678177483,6813095396,7702938395,8271106196,8871019823,7780873259,8740681889,10930644915
Lao PDR,GDP (current US$),598961269.3,714046821.1,865559879.3,1028087972,1127806945,1327748690,1543606345,1763536305,1873671550,1747011857,1280177839,1454430642,1731198022,1768619058,1758176653,2023324407,2366398120,2735558735,3455031448,4223152219,5446434032,5836138127,7131773633,8750107402,10192848926,11983252627,13279248479,14426381187,15912495369,17071162084,18141651381,18740559554,18981800705,18827148530,15724383783
Latvia,GDP (current US$),,,,,,,,5789128637,5975248851,6527926446,7166275468,7533788134,7958852839,8362398702,9557031605,11771975157,14435700533,17003459863,21570076499,31054350978,35854274229,26410909091,23956163077,27474380566,28169902669,30204783462,31386896487,27263090547,28083597512,30483806018,34429023435,34343961073,34601740323,39725383601,41153912663
Lebanon,GDP (current US$),3313540068,2717998688,2838485354,4690415093,5843579161,7941744492,9599127050,11718795528,13690217333,15751867489,17247179006,17391056369,17260364842,17649751244,19152238806,20082918740,21159827992,21497336499,22022709852,24827355015,29118916106,35399582929,38443907042,39927125961,44016799516,46880103081,48095213746,49929337837,51147308774,53027680686,54901519156,51605959131,31712128254,23131941557,
Lesotho,GDP (current US$),470395904.1,495409138.2,596410302.2,704325366.7,831029813.1,835582169,878250862.8,1001894000,946112456.2,998004330.9,928460865.1,912773656.2,887291645.3,825706961.2,775777263.1,1157825409,1511236656,1682343439,1800092519,1682025303,1766820422,1740835820,2234731974,2579421686,2477702253,2367113170,2441063169,2359754088,2114426469,2306741599,2556247156,2436029588,2117736528,2373416269,2553459763
Libya,GDP (current US$),,,28904164239,31991785108,33887005288,30660029871,28610532505,25541383197,27884630118,30700890193,27251275903,35975878804,38270983032,34112079629,20481889764,26265625000,33122307692,47334697612,60094248772,68032985520,86710739535,60808538330,75380800664,48169243832,92540964666,75351117628,57372352562,48717506273,49912085228,67157451660,76686048499,69254143968,46808208747,39798423941,45752336036
Lithuania,GDP (current US$),,,,,,,,7867140395,8382519637,10118631852,11239547691,10971583945,11524776867,12237388002,14259781159,18781721376,22627507452,26097677572,30183575104,39697891352,47797551588,37388122046,37128694028,43535051482,42927454291,46523420074,48533659592,41435533340,43047309306,47758736932,53751411409,54760617013,56914826861,66414994992,70334299008
Luxembourg,GDP (current US$),9418167855,10037674038,12778792854,13834219728,15518702635,15925521222,17701798891,20853093870,20895314658,19563836265,20150053345,21899317599,21230182989,21387533703,23649833332,29667268248,35064843793,37672280120,42910146296,51587401416,58844277702,54467289898,56213985987,61696281326,59776383527,65203276467,68804811898,60071584216,62216885436,65712180343,71000359760,69825641851,73992591285,85506243834,82274812251
Macao,GDP (current US$),2288761917,2705665380,3246481368,3765249711,4914365395,5665606115,6311207516,7046147442,7176892950,7267571196,6797792474,6547670439,6774193548,6860272608,7371692469,8246479395,10643253443,12160056755,14874098382,18439981804,21027018551,21587786005,28241799668,36845887225,43189724080,51536592939,54902831794,45048188248,45070807280,50440935654,55284309690,55204961000,25459685020,30123795337,21979475561
Madagascar,GDP (current US$),3189456961,3175638333,3931334871,3254713056,3714966675,4063298919,3522227094,3838100902,4931861037,4262965421,4401967634,4277903780,4629247205,5438332601,5351701665,6372498891,5064732625,5859269752,6395712492,8524620891,10725137722,9616879408,9982711338,11551819618,11578975064,12423555457,12522957401,11323020700,11848613860,13176313594,13760033283,14104664678,13051441203,14554754115,14954967604
Malawi,GDP (current US$),2008189639,2314204990,2737088196,3206784402,2618837532,3013392430,1719864761,2033701542,3319573822,3875785863,2547609563,2584478944,2537307566,2498008653,5087328438,4669789300,5058726350,5320409651,5818279739,6451210219,7743617352,9009887947,10128323011,11648142958,8773203178,8031571928,8801326169,9219474373,7909868618,8943543677,9880675786,11025371147,12056108780,12602334124,13164667627
Malaysia,GDP (current US$),35272104731,38847970073,44024585240,49143148094,59167550163,66894966969,74478356958,88705342903,1.00855E+11,1.00005E+11,72167498981,79148421053,93789736842,92783947368,1.00846E+11,1.10202E+11,1.24749E+11,1.43534E+11,1.62692E+11,1.9355E+11,2.30812E+11,2.02257E+11,2.55018E+11,2.97952E+11,3.14443E+11,3.23276E+11,3.38066E+11,3.01355E+11,3.01255E+11,3.19109E+11,3.58789E+11,3.65178E+11,3.37339E+11,3.72981E+11,4.06306E+11
Maldives,GDP (current US$),168514513.4,189514434.2,215043969.8,244396761.9,284875818,322417837.2,356014932.1,398988955,450382328,508223602.4,540096397.6,589239753.6,624337145.3,870031653.1,897031250,1052121055,1226829563,1163362438,1575200391,1868383461,2271646188,2345294875,2588176055,2774350163,2886163938,3295009231,3697353155,4109416450,4379134273,4754185599,5300949823,5609385434,3746329358,5405557162,6189865408
Mali,GDP (current US$),2169040605,2181821906,2681912149,2724131460,2830673381,2818281080,2081846499,2706425158,2780422048,2697105822,2920358713,3440724708,2961484954,3468337941,3908121310,4714071978,5454249123,6247515892,6905934219,8156468818,9838403091,10231962383,10689168011,12995112698,12442035328,13242690790,14364937128,13104764379,14026048334,15365713059,17070867578,17280250805,17465392779,19309463506,18827176532
Malta,GDP (current US$),2019474244,2118574772,2547163582,2750041434,3021910217,2709178327,2998570147,3461332685,3585755121,3722389056,3958227428,4155187258,4323339212,4355146428,4693495693,5489359281,6116591928,6407287651,6778321415,7925403778,9090376446,8696304529,9035819657,9638733344,9461826174,10550968139,11625843214,11091467514,11667976403,13489296992,15298004130,15881258056,15046136935,17743376199,17765270015
Mauritania,GDP (current US$),1414951227,1450647019,1506914408,2133692610,2164298425,1847353160,1944876755,2091726048,2132087061,2071996519,2032347629,1985922807,1779520862,1746063580,1777057503,2051147607,2362501023,2936019526,3919577286,4346212411,5206437121,4714595488,5628878866,6764627666,6728208836,7223071177,6592537782,6166863960,6398741856,6800138755,7473550557,8066118984,8405498736,9996240419,10375460680
Mauritius,GDP (current US$),2134513097,2181935024,2653485952,2856889160,3224265821,3263363787,3558143644,4040342060,4421952123,4187375887,4169672975,4343708896,4663321022,4613637222,4841310240,5816559039,6578840499,6488743120,7028810755,8150150144,9990356849,9128843109,10003670690,11518413430,11668696526,12292974008,13074130094,12007291046,12594155346,13713505998,14735695931,14436347115,11401040996,11476433604,12898307089
Mexico,GDP (current US$),1.81611E+11,2.21403E+11,2.61254E+11,3.1314E+11,3.63158E+11,5.00733E+11,5.27811E+11,3.60073E+11,4.10973E+11,5.00416E+11,5.265E+11,6.00233E+11,7.0791E+11,7.56703E+11,7.7211E+11,7.29335E+11,7.82243E+11,8.77477E+11,9.75383E+11,1.0527E+12,1.10999E+12,9.00047E+11,1.0578E+12,1.18049E+12,1.20109E+12,1.27444E+12,1.31536E+12,1.17187E+12,1.07849E+12,1.15891E+12,1.22241E+12,1.26901E+12,1.09051E+12,1.27284E+12,1.41419E+12
"Micronesia, Fed. Sts.",GDP (current US$),124700000,135200000,147200000,166200000,178100000,198400000,202500000,221575300,218534700,206626300,218873100,220140500,233271800,240970900,242517200,245432900,240236000,250281900,253541900,256787200,263145100,280284600,296944100,311301600,327248700,317214400,319271200,316489900,332265200,366666800,401932300,412000000,408000000,404028900,427094119.1
Moldova,GDP (current US$),,,,,,,,1752979926,1695122174,1930081169,1698717505,1170782957,1288429392,1480673594,1661818168,1980907435,2598249556,2988342907,3408255364,4401173162,6054824433,5439434059,6974982391,8414351672,8709138767,9496717701,9399833207,7798692878,7982450758,9519053158,11253727815,11735774634,11531967881,13692230147,14420947884
Mongolia,GDP (current US$),3204461567,3576966800,2560785660,2379018326,1317611864,768401634.2,925817092.2,1452165005,1345719472,1180934203,1124440204,1057408589,1136896124,1267997934,1396555720,1595297356,1992066808,2523471602,3414055663,4234999703,5623216610,4583850368,7189482001,10409797375,12292770631,12582122604,12226514666,11619892593,11181350649,11480847740,13178094720,14206359016,13312981427,15286441740,16810883361
Montenegro,GDP (current US$),,,,,,,,,,,,,984292969.9,1159869246,1284685051,1707710053,2073234418,2257174481,2721903149,3680711744,4545674528,4159330370,4142983898,4544429063,4087525609,4465771673,4593852089,4054728173,4376929572,4856602179,5506944403,5542053845,4769995512,5861430526,6095978868
Morocco,GDP (current US$),25705296184,26314313191,30179955996,32285573574,33711069431,31655473664,35604137423,39030285468,43161572353,39147844526,46497609536,46266427863,43017455401,43831480206,47077192184,58029361339,66114147932,68852655480,75883820424,86947909745,1.01823E+11,1.01155E+11,1.00865E+11,1.10081E+11,1.06937E+11,1.15739E+11,1.19131E+11,1.10414E+11,1.11573E+11,1.18541E+11,1.27341E+11,1.2892E+11,1.21348E+11,1.42867E+11,1.34182E+11
Mozambique,GDP (current US$),,,,3633488385,2640001311,2729524758,2796555381,2899912130,3856799844,4648838896,5263884908,5976402586,5656473652,5398557896,5677013629,6303399758,7631106171,8542083074,9176896597,10450826527,12556173243,11914471513,11104649065,14381552467,16350813487,16974314296,17716091057,15950979333,11936993087,13219079498,14845400593,15390031040,14156864916,15776757420,17851491428
Myanmar,GDP (current US$),1392547743,1674823311,2036373523,2137184858,2216072577,2809748387,3821535780,4879257848,5759624742,5633070603,4613071495,5643818689,6849321646,6220270632,6110632858,7754647428,9390855298,10588433069,11863016315,15591182545,23013015832,29455165595,37796052939,54118601975,58318677645,60572257122,63264892768,63045306514,60291738935,61449391917,67144726168,68697761477,78930259069,65124769602,59364362541
Namibia,GDP (current US$),2495095295,2535135314,2789922033,2996869281,3429521499,3251189248,3666503185,3978514206,3989163042,4154990251,3873109749,3868551625,3922231976,3557341284,3349169932,4926439275,6609206506,7248375217,8001779551,8839536894,8607431845,8938847364,11431412421,12523359441,13042053857,12043307277,12435430396,11335161230,10722018975,12895153160,13682019172,12541928103,10583748757,12446290855,12607436976
Nepal,GDP (current US$),3487009748,3525225833,3627560282,3921476085,3401211581,3660041667,4066775510,4401104418,4521580381,4918691917,4856255044,5033642384,5494252208,6007055042,6050875807,6330473097,7273938315,8130258415,9043715356,10325618017,12545438605,12854985464,16002656434,21573872274,21703100747,22162205046,22731612827,24360801338,24524109485,28971588881,33111525183,34186180695,33433659223,36924841430,40828247302
Netherlands,GDP (current US$),2.61911E+11,2.58337E+11,3.18331E+11,3.275E+11,3.62963E+11,3.5355E+11,3.7913E+11,4.52302E+11,4.5049E+11,4.16813E+11,4.38008E+11,4.4705E+11,4.17479E+11,4.31587E+11,4.73862E+11,5.8007E+11,6.5838E+11,6.85348E+11,7.33955E+11,8.48559E+11,9.5187E+11,8.71519E+11,8.47381E+11,9.05271E+11,8.38923E+11,8.77173E+11,8.92168E+11,7.65573E+11,7.8406E+11,8.3387E+11,9.14043E+11,9.10194E+11,9.09793E+11,1.0118E+12,9.91115E+11
New Caledonia,GDP (current US$),2072775508,2185082944,2529440424,2653780677,2923883290,2822243775,3038728391,3628440524,3606968436,3291131295,3556304834,3647802046,3420032042,3297734886,3740056752,4915353826,5895008985,6238629462,6979155408,8819917187,9067619729,8704438061,9364350065,10351448025,9659151909,10151382877,10635035550,8738203042,8724568971,9173670000,9896402295,9475655342,9454629451,10071349707,
New Zealand,GDP (current US$),45176423606,43920222525,45495129385,42744828653,41649386970,46775038749,55313381443,63916899264,70140835299,66073130218,56226503976,58762260626,52622954599,53872463497,66627729311,88250885550,1.03906E+11,1.1472E+11,1.11539E+11,1.37189E+11,1.33131E+11,1.21374E+11,1.46518E+11,1.68291E+11,1.76207E+11,1.90907E+11,2.01313E+11,1.78064E+11,1.88838E+11,2.06556E+11,2.11887E+11,2.13092E+11,2.1257E+11,2.55552E+11,2.47234E+11
Nicaragua,GDP (current US$),2630900096,1013184756,1009455476,1488804124,1792800000,1756454248,3863185119,4140470000,4308351903,4389973335,4635267225,4855717875,5107329007,5323146566,5224213018,5322454926,5795568205,6321324455,6763418646,7423365275,8496948184,8298736471,8758619131,9774320144,10531980451,10982954744,11880433903,12756722238,13286066155,13785890939,13025266513,12699028890,12678162359,14145852101,15671583878
Niger,GDP (current US$),2280356194,2179567111,3512356508,3285796877,3386232582,3052673844,1938058176,2302537563,2405686939,2290318909,2643363521,2537789819,2241753193,2448714703,2782192881,3394084731,3760443735,4383315967,4756361253,5731485046,7297600219,7352131304,7851192499,8772950783,9426912639,10224897441,10862943546,9683867927,10398861981,11185101444,12808661487,12916454871,13744174582,14915002098,13969605583
Nigeria,GDP (current US$),49648470440,44003061108,54035795388,49118434950,47794954192,27752204787,33833043778,44062465418,51075815093,54457835603,54604050168,59372679433,69448962761,74030562270,95054094655,1.04739E+11,1.35765E+11,1.75671E+11,2.38455E+11,2.78261E+11,3.39476E+11,2.95009E+11,3.66991E+11,4.14467E+11,4.63971E+11,5.20117E+11,5.74184E+11,4.93027E+11,4.04649E+11,3.75746E+11,4.21739E+11,4.74517E+11,4.32199E+11,4.40834E+11,4.77386E+11
North Macedonia,GDP (current US$),,,4699646643,4938775510,2436849342,2682456897,3559608613,4707041274,4642021256,3912986091,3765745000,3863619262,3772859053,3709636012,4018365768,4946296569,5682784433,6258602830,6861227018,8336475036,9909552356,9401736825,9407170389,10494626768,9745261301,10817702424,11362265294,10064519963,10672467073,11307067001,12683068033,12606338449,12363580535,13825049832,13563132057
Norway,GDP (current US$),1.01901E+11,1.02634E+11,1.19791E+11,1.21872E+11,1.30838E+11,1.20579E+11,1.27132E+11,1.52031E+11,1.6352E+11,1.61357E+11,1.5423E+11,1.62384E+11,1.71456E+11,1.7424E+11,1.95915E+11,2.29385E+11,2.65267E+11,3.09979E+11,3.46913E+11,4.02646E+11,4.64918E+11,3.87974E+11,4.31052E+11,5.01361E+11,5.12777E+11,5.26014E+11,5.01736E+11,3.8816E+11,3.70957E+11,4.01745E+11,4.39789E+11,4.08743E+11,3.67633E+11,4.90293E+11,5.79267E+11
Occ.Pal.Terr,GDP (current US$),,,,,,,2843300000,3282800000,3409600000,3759800000,4067800000,4271200000,4313600000,4003700000,3555800000,3968000000,4603100000,5125700000,5348300000,5815700000,7310400000,8085700000,9681500000,11186100000,12208400000,13515500000,13989700000,13972400000,15405400000,16128000000,16276600000,17133500000,15531700000,18109000000,19111900000
Oman,GDP (current US$),8386215865,9372171651,11685045514,11341482445,12452275683,12493107932,12918855657,13802600780,15277763329,15837451235,13996914694,15593456177,19507452536,19452000520,20142756047,21633708192,24763712874,31081991678,37215779714,42085379454,60905452536,48388363589,64993498049,77497529259,87408842653,89936020806,92699089727,78710793238,75128738622,80856697009,91505851756,88060858257,75909397659,88191977373,1.14667E+11
Pakistan,GDP (current US$),38472742808,40171105580,40010423970,45625336680,48884672605,51809999353,52293471393,60636071684,63320170084,62433340468,62191955814,62973856844,82017743416,79484403985,79904985385,91760542940,1.0776E+11,1.20055E+11,1.37264E+11,1.52386E+11,1.70078E+11,1.68153E+11,1.77166E+11,2.13588E+11,2.24384E+11,2.31218E+11,2.44361E+11,2.70556E+11,3.1363E+11,3.39206E+11,3.56128E+11,3.20909E+11,3.00426E+11,3.48263E+11,3.76533E+11
Palau,GDP (current US$),,,,,,,,,,,,,146297500,156907900,163184900,153963200,165186200,190452900,192382400,198897700,198283900,187522800,185943000,196911100,212397800,221117200,241669800,280457700,298300000,285600000,284900000,278900000,251900000,217800000,
Panama,GDP (current US$),5902783400,5918469800,6433967000,7074675500,8042337700,8782585400,9365289800,9573813700,9870494000,10677286100,11575486400,12130252200,12304115000,12502013400,12994310400,13693981200,15013381700,16374393900,18141666300,21295984200,25155888600,27116635600,29440287600,34686224300,40429700000,45599900000,49921400000,54091800000,57907700000,62202700000,67294169235,69721787533,57086836942,67406738052,76522511781
Papua New Guinea,GDP (current US$),3656179989,3546470501,3219730365,3787394958,4377980510,4974550286,5502786070,4636057476,5155311077,4936615299,3789443015,3477038204,3521339699,3081024212,2999511040,3536411824,3927157867,4865892972,8354911622,9545029481,11670891360,11619455043,14250785801,17985138450,21295165201,21261338065,23210823987,21723439626,20758874953,22742696408,24109780113,24751069238,23848442440,26311656000,30633444295
Paraguay,GDP (current US$),4255683528,4757732200,5812114523,6984367763,7157424031,7249533620,7870982005,9062131475,9788391781,9965225678,9260481572,8837070236,8855705140,8495806432,7196260657,7691367471,9624440836,10737500188,13429430050,17856393235,24615267617,22355151178,27129301048,33737033607,33296438409,38651334593,40377987315,36211372646,36089550672,38997129809,40225448651,37925338460,35432177936,39950899733,41722295362
Peru,GDP (current US$),15439408447,22499559086,26410386669,34341465998,35966302303,34832077221,44882079767,53312793687,55252414130,58147522523,55501467877,50187324568,51744749133,52030158775,54777553515,58731030122,66768703498,76060606061,88643193062,1.02171E+11,1.20551E+11,1.20823E+11,1.47528E+11,1.71762E+11,1.9265E+11,2.01176E+11,2.00786E+11,1.89803E+11,1.91898E+11,2.11008E+11,2.22597E+11,2.28326E+11,2.01948E+11,2.23718E+11,2.42632E+11
Philippines,GDP (current US$),43152128959,48513772977,50508286642,51784144315,60422329032,62036529910,73159337838,84644329825,94648084429,94106316501,74492416330,85640170315,83669788255,78921234458,84307346432,87039092439,95002000250,1.0742E+11,1.27653E+11,1.5598E+11,1.81625E+11,1.75975E+11,2.08369E+11,2.34217E+11,2.61921E+11,2.83903E+11,2.97484E+11,3.06446E+11,3.18627E+11,3.28481E+11,3.46842E+11,3.76823E+11,3.61751E+11,3.94087E+11,4.04284E+11
Poland,GDP (current US$),,,65977748211,85500934319,94337047233,96043157273,1.10804E+11,1.42294E+11,1.60193E+11,1.59358E+11,1.74686E+11,1.70031E+11,1.7222E+11,1.90905E+11,1.9907E+11,2.17829E+11,2.55107E+11,3.06146E+11,3.44627E+11,4.29021E+11,5.336E+11,4.39732E+11,4.75697E+11,5.24374E+11,4.95231E+11,5.15762E+11,5.39081E+11,4.77111E+11,4.70025E+11,5.24641E+11,5.8878E+11,5.96058E+11,5.99443E+11,6.79442E+11,6.88177E+11
Portugal,GDP (current US$),56347250696,60594092182,78713860217,89233599278,1.07592E+11,95009751901,99688641304,1.18122E+11,1.2263E+11,1.17017E+11,1.23946E+11,1.2747E+11,1.18605E+11,1.21604E+11,1.34796E+11,1.65226E+11,1.89382E+11,1.97254E+11,2.08756E+11,2.40496E+11,2.63416E+11,2.44668E+11,2.38113E+11,2.45118E+11,2.16224E+11,2.26434E+11,2.29902E+11,1.99394E+11,2.06426E+11,2.21358E+11,2.42313E+11,2.39987E+11,2.29032E+11,2.53983E+11,2.51945E+11
Qatar,GDP (current US$),6038187033,6487912088,7360439423,6883516484,7646153984,7156593654,7374450769,8137911978,9059340385,11297802115,10255495027,12393131868,17759890110,17538461538,19363736264,23533791209,31734065934,44530494505,60882142857,79712087912,1.1527E+11,97798351648,1.25122E+11,1.67775E+11,1.86834E+11,1.98728E+11,2.06225E+11,1.6174E+11,1.51732E+11,1.61099E+11,1.83335E+11,1.76371E+11,1.44411E+11,1.79677E+11,2.37296E+11
Romania,GDP (current US$),40424526826,41450779109,38244330108,28851673545,25121666667,26361131547,30072880812,37430238806,36937074278,35575197535,41696111548,35953162616,37253738081,40395114265,46065502703,57806382692,74973660681,98454374488,1.22024E+11,1.74589E+11,2.14317E+11,1.74102E+11,1.70029E+11,1.92614E+11,1.79133E+11,1.89789E+11,1.99714E+11,1.77884E+11,1.85288E+11,2.10147E+11,2.43316E+11,2.51018E+11,2.51363E+11,2.85405E+11,3.01262E+11
Russian Federation,GDP (current US$),5.54713E+11,5.065E+11,5.16814E+11,5.17963E+11,4.60291E+11,4.35084E+11,3.95077E+11,3.95537E+11,3.91725E+11,4.04929E+11,2.70955E+11,1.95907E+11,2.5971E+11,3.06602E+11,3.4547E+11,4.30347E+11,5.91017E+11,7.64016E+11,9.89932E+11,1.2997E+12,1.66085E+12,1.22265E+12,1.52492E+12,2.04592E+12,2.20829E+12,2.29247E+12,2.05924E+12,1.36348E+12,1.27679E+12,1.5742E+12,1.65733E+12,1.69311E+12,1.49308E+12,1.83689E+12,2.24042E+12
Rwanda,GDP (current US$),2395492695,2405022588,2550185693,1911600232,2029026957,1971525718,753636370.5,1293535192,1382334879,1851558199,1989343548,2157024758,2068762707,1966548410,1965932546,2138185328,2376464520,2933765825,3319711249,4070391531,5179804291,5674428928,6124693374,6884907733,7654782979,7820052084,8239042500,8543869360,8695318854,9252833678,9636510839,10346675636,10172925172,11055281971,13312796765
Samoa,GDP (current US$),133016065.4,122888609.7,125766269.8,125597205.4,132303041.4,133122897.2,221098106.5,224865731.4,249907893.8,285475620.9,269485285,255408053.2,258856139.8,266299591.5,281790139,333426144.5,407747521.1,476801793.2,499923757.8,573548459.8,641346191.7,628006115.4,680260919.9,744096948.5,773141695.1,797736265.9,796683672.8,824150487.2,843924750.7,884844419.8,878448439.5,912950619.4,868898350.4,843850777.8,832421565.4
Sao Tome and Principe,GDP (current US$),,,,,,,,,,,,,,75951131.95,85171073.88,102085765.5,114582282,136450658.1,142775109.8,149146918.9,188021169.3,187821029.4,196652514.3,231489270.1,250680845.7,300554483.6,346528329.2,316066072.3,345495615,375614126.2,412253809.7,427425039.7,472551023.6,526653790.7,546680341.6
Saudi Arabia,GDP (current US$),88256162069,95344352824,1.1763E+11,1.32223E+11,1.37088E+11,1.32968E+11,1.35175E+11,1.43343E+11,1.58662E+11,1.65964E+11,1.46775E+11,1.61717E+11,1.89515E+11,1.84138E+11,1.89606E+11,2.15808E+11,2.58742E+11,3.2846E+11,3.769E+11,4.15965E+11,5.19797E+11,4.29098E+11,5.28207E+11,6.76635E+11,7.4185E+11,7.53865E+11,7.66606E+11,6.69484E+11,6.66E+11,7.14995E+11,8.46584E+11,8.38565E+11,7.34271E+11,8.68586E+11,1.10815E+12
Senegal,GDP (current US$),6418419393,6366039363,7390967362,7255210474,7769817847,7367986228,5034588199,6326342635,6559712162,6041478722,6505607914,6592834929,6013185004,6507824827,7006402325,8768721561,10076816661,11009033445,11697918245,13994218399,16853989611,16145867483,16121315902,17814283650,17660870396,18918667731,19797253445,17774766697,19040312331,20996562959,23116701540,23403995985,24530513059,27569136728,27684430244
"Serbia, FR(Serbia/Montenegro)",GDP (current US$),,,,,,,,16832598870,21818007449,25676488000,19457979423,19388663551,6875845987,12960546471,17120906918,22482365322,26141968161,27683225959,32482070360,43170990616,52194221469,45162894381,41819468692,49258136129,43309252921,48394239475,47062202241,39655949731,40692661657,44179075779,50640662859,51514242776,53356484764,63082021206,63501748652
Seychelles,GDP (current US$),301985636.8,324333385.6,392163560.9,398307144.8,461409398.9,504230588.1,517570058.2,540733047.7,535250347.1,598967022.1,647287375.8,662838614.9,654212432.4,662064193.6,742134792.4,750847276.4,893012218.2,977899381.8,1081441349,1077308888,979597364.9,851064318.8,981918002.9,1059249940,1089880668,1324915222,1387576414,1391427967,1458954110,1529773286,1587813245,1645090567,1183515398,1286687873,1588406479
Sierra Leone,GDP (current US$),1055081242,932978182,649644812.6,780098205.2,679997997.6,768812334.8,911915970.7,870758739.4,941742152.7,850218033.6,672375927.3,669384768.9,635874002.2,1074851475,1236235827,1369685677,1430217081,1627058706,1862116165,2126679686,2451896682,2419014960,2578159480,2932274242,3789251962,4920343203,5015180836,4252029354,3862721205,3719443318,4085114542,4076578654,4062906364,4249234574,3970343852
Singapore,GDP (current US$),25371462488,30465364739,36144336769,45466164978,52131330700,60603821967,73688716391,87812540788,96293097895,1.00124E+11,85728224856,86286866724,96076521349,89793815728,92538355643,97646382413,1.15034E+11,1.27808E+11,1.48627E+11,1.80942E+11,1.93617E+11,1.9415E+11,2.39808E+11,2.79357E+11,2.95093E+11,3.07576E+11,3.14864E+11,3.07999E+11,3.1903E+11,3.43273E+11,3.7687E+11,3.76837E+11,3.48392E+11,4.23797E+11,4.66789E+11
Slovak Republic,GDP (current US$),,,12747380650,14272201755,15495514297,16520676974,20162936291,25840146405,27925036755,27706028096,29856000671,30463670124,29242558797,30778781607,35297794386,46919965224,57437444469,62808723477,70767338922,86563986799,1.0088E+11,89399303222,91162836320,99922685425,94623731086,98935222175,1.01437E+11,88900883131,89952699525,95649966261,1.06138E+11,1.0571E+11,1.06729E+11,1.18657E+11,1.15469E+11
Slovenia,GDP (current US$),,,,,,,,21352224019,21507232649,20763101741,22146231968,22711384311,20289627637,20876309970,23489890274,29634713641,34414784504,36206395971,39481045038,48067401207,55779427740,50567734886,48208240226,51583869785,46577793184,48415657265,49997186439,43107506024,44766722791,48589100043,54177882426,54331588482,53706800044,61748586535,62117768015
Solomon Islands,GDP (current US$),176494422.1,172882435.8,214877638.4,227540473.3,269034595.8,300746329.7,402836964.5,469443201.5,510586382.5,526554053.2,457579824.4,488024548,419842688,409508556.6,346406733.6,417668997.4,468005324.5,552864568.4,617258127.2,695295347.6,776337725.2,805557595.9,898133646.6,1063895357,1185283422,1285911569,1335571357,1307909891,1379490315,1469789050,1615478421,1619154958,1536145831,1580303517,1595710784
South Africa,GDP (current US$),1.03977E+11,1.08056E+11,1.26048E+11,1.35204E+11,1.46956E+11,1.47195E+11,1.53513E+11,1.71736E+11,1.63235E+11,1.68978E+11,1.52983E+11,1.51517E+11,1.51753E+11,1.3543E+11,1.29088E+11,1.97019E+11,2.55807E+11,2.88867E+11,3.03859E+11,3.33077E+11,3.16131E+11,3.29754E+11,4.17364E+11,4.58199E+11,4.34401E+11,4.00886E+11,3.81199E+11,3.4671E+11,3.23586E+11,3.81449E+11,4.04159E+11,3.88531E+11,3.3762E+11,4.19016E+11,4.0587E+11
Spain,GDP (current US$),3.7616E+11,4.14757E+11,5.36559E+11,5.77166E+11,6.30916E+11,5.25076E+11,5.30563E+11,6.14609E+11,6.42589E+11,5.90077E+11,6.19215E+11,6.34908E+11,5.98363E+11,6.2783E+11,7.08757E+11,9.07492E+11,1.06906E+12,1.15372E+12,1.2604E+12,1.474E+12,1.63186E+12,1.49147E+12,1.42211E+12,1.48071E+12,1.32475E+12,1.35558E+12,1.37182E+12,1.19616E+12,1.23355E+12,1.31325E+12,1.4217E+12,1.39432E+12,1.27696E+12,1.42738E+12,1.39751E+12
Sri Lanka,GDP (current US$),6978371581,6987267684,8032551173,9000362582,9703011636,10338679636,11717604209,13029697561,13897738375,15091913884,15794972847,15656327860,16330814180,15749753805,16536535647,18881765437,20662525941,24405791045,28279802451,32350238663,40713826321,42066223971,58636160849,67753284135,70447217164,77000578207,82528535573,85140955517,88012281910,94376237832,94493871351,89014978319,84440535699,88496535599,74403578363
St. Kitts and Nevis,GDP (current US$),172692592.6,192518518.5,217259259.3,220540740.7,242137037,263755555.6,295159259.3,313485185.2,333944444.4,374641308,383257331.4,406595484.4,421695769.8,458643829,481077373.7,469869869.9,506900000,547203703.7,644414814.8,689285185.2,777691333.3,774273111.1,778718518.5,836092592.6,825381481.5,874896296.3,953170370.4,957037037,1008100000,1058944444,1076922222,1107844444,884522222.2,860844444.4,961563259.3
St. Lucia,GDP (current US$),429629629.6,486666666.7,579629629.6,613703703.7,674074074.1,684814814.8,713703703.7,762962963,788888888.9,805925925.9,877407407.4,921851851.9,932592592.6,892592592.6,900000000,987407407.4,1066666667,1135555556,1268319185,1336088815,1437731111,1401507889,1482370370,1568370370,1598222222,1660222222,1749296296,1807222222,1865444444,1996703704,2057074074,2094185185,1516000000,1691259259,2065027556
St. Vincent and the Grenadines,GDP (current US$),200726712.6,214745002.2,240366666.7,254829629.6,277955555.6,286307407.4,289437037,316007407.4,331488888.9,347770370.4,373618518.5,390718518.5,427946037,462072333.3,487763851.9,509090888.9,549900185.2,579948925.9,643501148.1,713596666.7,732663259.3,714300259.3,720447888.9,713796370.4,730032592.6,764781259.3,770901436.4,786554580.8,814302267.1,844039068.8,884328180.5,910765709.8,869111852.8,872226063.7,948558503.1
Suriname,GDP (current US$),1161000000,542600000,388400000,448100000,404600000,428764705.9,605492537.3,691590497.7,861372046.5,926422500,1110850000,886290697.7,947671969.7,834279357.8,1093574468,1274190311,1484092538,1793410617,2626380435,2936612022,3532969035,3875409836,4368371528,4422276622,4980000000,5145757576,5240606061,5126238146,3317421500,3591679371,3996198760,4016040575,2911807496,2984706244,3620655116
Sweden,GDP (current US$),2.06988E+11,2.17949E+11,2.61847E+11,2.74231E+11,2.84319E+11,2.12953E+11,2.29034E+11,2.67307E+11,2.91746E+11,2.68146E+11,2.7081E+11,2.74071E+11,2.62834E+11,2.42395E+11,2.66848E+11,3.34337E+11,3.85119E+11,3.92219E+11,4.23091E+11,4.91255E+11,5.17706E+11,4.36536E+11,4.95813E+11,5.74094E+11,5.52484E+11,5.86842E+11,5.81964E+11,5.05104E+11,5.15655E+11,5.41019E+11,5.55455E+11,5.3388E+11,5.47054E+11,6.36856E+11,5.85939E+11
Switzerland,GDP (current US$),2.15541E+11,2.08103E+11,2.65772E+11,2.68903E+11,2.79918E+11,2.72234E+11,3.01377E+11,3.52845E+11,3.40101E+11,2.94786E+11,3.03456E+11,2.97883E+11,2.79209E+11,2.8658E+11,3.093E+11,3.62088E+11,4.03914E+11,4.18293E+11,4.41619E+11,4.90755E+11,5.67273E+11,5.54192E+11,5.98851E+11,7.15888E+11,6.8642E+11,7.06235E+11,7.26538E+11,6.94118E+11,6.87895E+11,6.95201E+11,7.25563E+11,7.21369E+11,7.39914E+11,8.0064E+11,8.07706E+11
Syrian Arab Republic,GDP (current US$),16574342984,18609532294,23904498886,27756258352,33107349666,36860133630,45086948775,50866369710,61546280624,66420400891,70418173719,72970334076,80590022272,86771314031,90558485523,95693808463,1.12863E+11,1.34204E+11,1.538E+11,1.8003E+11,2.1809E+11,2.24562E+11,2.52518E+11,67539427671,43190317725,21361254648,21502061462,16468399180,12598742887,16369724433,21496337968,22600896352,11159274040,,
Tajikistan,GDP (current US$),,,2629395066,2534720480,1909246641,1646693642,1522018436,1231567145,1043654822,921517486.7,1320199582,1086612583,860541842.3,1080772703,1221106073,1555318431,2076176636,2312352268,2830213563,3719524181,5161299725,4979471964,5642221529,6522755783,7633036366,8448410727,9112606075,8271431932,6992416097,7536403147,7765000282,8300813890,8133963813,8937805347,10492123388
Tanzania,GDP (current US$),5100405344,4420167589,4258742899,4956587902,4601413521,4257702021,4510847189,5255221044,6496195824,7683852497,12270448546,12711213451,13375976354,13581644246,14142035080,15224257698,16675948415,18399046025,18649590248,21843529025,27961527623,29081826159,32014247548,34657141721,39650522646,45680532614,49964825081,47378603784,49774004999,53275968095,57003686049,61026765850,66068737757,70655628141,75709289056
Thailand,GDP (current US$),61667254411,72250747142,85343189321,98234713408,1.11453E+11,1.28889E+11,1.46684E+11,1.69279E+11,1.83035E+11,1.5018E+11,1.13676E+11,1.26669E+11,1.26392E+11,1.20296E+11,1.34301E+11,1.52281E+11,1.72896E+11,1.89318E+11,2.21758E+11,2.62943E+11,2.91383E+11,2.81711E+11,3.41105E+11,3.70819E+11,3.97558E+11,4.20334E+11,4.07339E+11,4.01296E+11,4.13366E+11,4.56357E+11,5.06754E+11,5.43977E+11,5.00457E+11,5.05568E+11,4.95341E+11
Togo,GDP (current US$),1873745515,1838552523,2212905423,2177399825,2300598696,1676225629,1335309430,1779348593,1991429218,2036956851,2157078792,2142574541,2027363117,2014516701,2319268823,2875255593,3071152629,3100356552,3195618966,3618281293,4516616224,4592147228,4660369658,5262368232,5263522037,5872790935,6217047649,5681469374,6031632015,6395472028,7029217932,6992656429,7389329393,8334047486,8126439481
Tonga,GDP (current US$),106657267.4,106344855,113563821.6,132201141.4,137066290.6,138489884.4,195990986.2,208871665.7,222100576.3,214991452.3,191504892.8,199208752.5,204848436.6,181117272.4,182764299.9,202246621.2,230657579.1,261803692.1,292230634.2,298519087.7,344436494.4,312377751.1,366832186.5,414533045.1,470705334.8,450650718.2,439877675.7,437003006.7,420548768.1,460374252.2,488906860.9,512053639.8,484796858.8,469228124.2,
Trinidad and Tobago,GDP (current US$),4496910569,4323058824,5068000000,5307905882,5439552941,4669491425,4947181506,5329217897,5759570496,5737771217,6043687133,6808982521,8154342548,8824849663,9008297748,11305459802,13280292692,15982388173,18369361094,21641620050,27871587350,19172165226,22157919434,25433008605,27121712419,28557451150,29489012807,26851970249,23496215881,23797686962,24322359037,23849557811,21059428846,24460196270,27899082337
Tunisia,GDP (current US$),10096243801,10101853518,12290568182,13074782609,15496702220,14608340459,15633171728,18030876599,19587155099,20746204101,21802893587,22943202175,21473522939,22065840117,23141611179,27453895159,31183893587,32272178404,34376664601,38915343743,44859452038,43455740497,46206091938,48123314430,47311411910,48685436425,50271812921,45779494042,44360065797,42163530591,42686509836,41905637659,42538462678,46687298709,46664948952
Turkey,GDP (current US$),90853080152,1.07143E+11,1.50676E+11,1.51041E+11,1.59095E+11,1.80422E+11,1.30652E+11,1.69319E+11,1.81465E+11,1.89878E+11,2.75942E+11,2.56396E+11,2.74295E+11,2.01753E+11,2.40249E+11,3.14596E+11,4.08865E+11,5.06315E+11,5.57076E+11,6.81321E+11,7.70449E+11,6.49289E+11,7.76967E+11,8.38786E+11,8.80556E+11,9.57799E+11,9.38934E+11,8.64314E+11,8.69683E+11,8.58989E+11,7.78477E+11,7.59935E+11,7.20289E+11,8.19034E+11,9.05988E+11
Turkmenistan,GDP (current US$),3010982414,3006988217,3189539641,3208098919,3200539816,3179225949,2561118608,2482228440,2378759975,2450349634,2605688065,2450564468,2904662605,3534771969,4462028989,5977440583,6838351088,8103901996,10276674365,12664165103,19271523179,20214385965,22583157895,29233333333,35164210526,39197543860,43524210526,35799714286,36169428571,37926285714,40765428571,44220285714,45610571429,,
Turks and Caicos Isl.,GDP (current US$),,,,,,,,,,,,,,358744800,366707900,409753600,485598800,578645800,721891500,773489700,862683600,703175800,686787800,728789600,727161000,754238000,841070000,942070000,1032452000,1022365000,1113178000,1197415000,924583000,1044778790,1138808881
Tuvalu,GDP (current US$),,,8824746.238,9365488.115,9742603.634,9631024.916,10887216.91,11025679.51,12335200.16,12701093.97,12757405.79,13687141.11,15073978.45,13964728.72,16842677.17,19456335.93,22798266.6,22909973.98,24096867.47,28450156.79,31874425.95,28076988.13,32105394.15,39196949.34,39345578.22,38615887.03,38760972.42,36811928.82,41629064.97,45276606,48015219.95,54123195.27,51746568.7,60196366.81,60349391.1
Uganda,GDP (current US$),6508931652,5276480790,4304399315,3321729158,2857457761,3220439044,3990430447,5755818845,6044585327,6269333313,6584815847,5998563258,6193246837,5840503869,6178563591,6606884274,7939487548,9239221760,9977647685,11902564497,14440404137,25127805566,26673441432,27871725245,27305915908,28915786520,32612397253,32387183733,29203988697,30744473840,32927025621,35348155092,37605430214,40510241366,45559202049
Ukraine,GDP (current US$),74703517903,82709161099,81393558423,77350733982,73945908384,65648559903,52549553403,48213867647,44558841762,50151522612,41882529045,31580642102,32375081951,39309580983,43956163612,52010352502,67220154164,89238865119,1.11885E+11,1.48734E+11,1.8811E+11,1.21552E+11,1.41209E+11,1.69334E+11,1.82592E+11,1.90499E+11,1.33504E+11,91030968761,93355868978,1.12091E+11,1.30891E+11,1.53883E+11,1.56618E+11,1.99766E+11,1.60503E+11
United Arab Emirates,GDP (current US$),36275674203,41464995914,50701443748,51552165622,54239171888,55625170253,59305093980,65743666576,73571233996,78839008445,75674336283,84445473111,1.04337E+11,1.03312E+11,1.09816E+11,1.24346E+11,1.47824E+11,1.80617E+11,2.22117E+11,2.57916E+11,3.15475E+11,2.53547E+11,2.89787E+11,3.50666E+11,3.8461E+11,4.00219E+11,4.14105E+11,3.70275E+11,3.69255E+11,3.90517E+11,4.27049E+11,4.1799E+11,3.49473E+11,4.15022E+11,5.07535E+11
United Kingdom,GDP (current US$),9.10171E+11,9.26926E+11,1.09321E+12,1.14277E+12,1.17971E+12,1.06146E+12,1.14044E+12,1.34625E+12,1.42171E+12,1.56172E+12,1.655E+12,1.68941E+12,1.66605E+12,1.64877E+12,1.78578E+12,2.0567E+12,2.42305E+12,2.54481E+12,2.70998E+12,3.093E+12,2.93168E+12,2.41757E+12,2.4914E+12,2.6664E+12,2.70634E+12,2.78632E+12,3.06522E+12,2.93486E+12,2.69966E+12,2.68349E+12,2.87815E+12,2.85706E+12,2.70461E+12,3.12248E+12,3.07067E+12
United States,GDP (current US$),5.23644E+12,5.64158E+12,5.96314E+12,6.15813E+12,6.52033E+12,6.85856E+12,7.28724E+12,7.63975E+12,8.07312E+12,8.57755E+12,9.06282E+12,9.63117E+12,1.02509E+13,1.05819E+13,1.09291E+13,1.14564E+13,1.22172E+13,1.30392E+13,1.38156E+13,1.44742E+13,1.47699E+13,1.44781E+13,1.5049E+13,1.55997E+13,1.6254E+13,1.68432E+13,1.75507E+13,1.8206E+13,1.86951E+13,1.94773E+13,2.05331E+13,2.1381E+13,2.10605E+13,2.33151E+13,2.54627E+13
Uruguay,GDP (current US$),8213526914,8438946948,9298806525,11206174800,12878150210,15002138240,17474590051,19297663097,20515457256,23969738388,25385887786,23983945191,22823271521,20898762265,13606515936,12045638210,13686329890,17362857684,19741420467,23797773024,31119603034,32708318594,41950361212,50342405198,54232266359,61337620936,61496186974,57680328702,57480788380,65006047680,65203071111,62048585619,53666908480,61412268249,71177146197
Uzbekistan,GDP (current US$),,,13360607991,13677622222,12941297376,13099013836,12899156991,13350468917,13948892216,14744603774,14988971211,17078465982,13760513969,11401421329,9687788513,10134453435,12030023548,14307509839,17330833853,22311393928,29549438884,33689223673,49765676402,60178909297,67517349212,73180037913,80845385816,86196264742,86138288633,62081322741,52870108218,60283503705,60224701296,69600614989,80391853885
Vanuatu,GDP (current US$),158351368.4,154013202.1,168879207.2,201334169.1,209088824.6,200491853.2,233701301.5,249333250.1,261370044.5,272771209.1,262293410.7,268006972.7,272014627.2,257926881.7,262596534.9,314471413.9,364996869.1,394962431.8,439358585.2,516392922.5,590748431.3,592622317.3,670712977.4,770153591.1,747839697.7,758304466.2,772315986.5,730870805.2,780889605.9,880061831,914736985.4,936526267.6,909421043.5,971636097.9,983582864.6
Venezuela,GDP (current US$),60226413793,43536709104,48606952195,53453444787,60416519620,60037460783,58418666667,77389487772,70543211119,85837678559,91336763256,97972842462,1.17146E+11,1.22911E+11,92893587734,83620628582,1.12451E+11,1.45513E+11,1.83478E+11,2.30364E+11,3.15953E+11,3.29788E+11,3.93192E+11,3.16482E+11,3.81286E+11,3.71005E+11,4.82359E+11,,,,,,,,
Vietnam,GDP (current US$),25423812649,6293304975,6471740806,9613369520,9866990236,13180953598,16286433533,20736164459,24657470575,26843700442,27209602050,28683659007,31172518403,32685198809,35064105501,39552513231,45427854693,57633255739,66371664817,77414425532,99130304099,1.06015E+11,1.47201E+11,1.72595E+11,1.95591E+11,2.13709E+11,2.33451E+11,2.39258E+11,2.57096E+11,2.81354E+11,3.10106E+11,3.34365E+11,3.46616E+11,3.66138E+11,4.08802E+11
Yemen,GDP (current US$),,,5647119229,5930370370,6463649985,5368270615,4167356037,4258788725,5785685311,6838557384,6325141676,7641102523,9652436180,9861560095,10694628092,11777966673,13872791659,16746347681,19061978586,21650532264,26910855852,25130278254,30906749533,32726417878,35401323350,40415233436,43228585321,42444489461,31317824906,26842231205,21606161066,,,,
Zambia,GDP (current US$),3728878149,3994673161,3285217391,3376806697,3181921788,3273507754,3656808233,3806982679,3597220962,4303290117,3537741625,3404284653,3600631919,4094441301,4193850445,4901869716,6221109716,8331870169,12756858899,14056957976,17910858638,15328342304,20265559484,23459515276,25503060420,28037239463,27141023558,21251216799,20958412538,25873601261,26311506435,23308667781,18110638619,22147649569,29784454056
Zimbabwe,GDP (current US$),7814784100,8286322700,8783816700,8641481700,6751472200,6563813300,6890675000,7111270700,8553146600,8529571600,6401968200,6858013100,6689957600,6777384700,6342116400,5727591800,5805598400,5755215200,5443896500,5291950100,4415702800,9665793300,12041655200,14101920300,17114849900,19091020000,19495519600,19963120600,20548678100,17584890937,34156069918,21832234926,21509698406,28371238666,20678055598